,Land,HDI,Life expactancy at birth in years,Mean years of schooling in years,Gross national income (GNI) per capita in US$,IHDI,Inequality in life expectancy in%,Inequality in education in %,Inequality in income in %,Income Shares of top 1%,Income Shares of top 1%,GINI,Gender Inequality Index,Maternal mortality ratio per 100.000,Share of female seats in parliament in %,Employment to population ratio,Employment in agriculture in % ,Employment in services in %,Unemployment in %,Child labour in %,Working poor at PPP$3.20 a day in %,High-skill to low-skill ratio,Prison population per 100.000,Homocide rate per 100.000,Suicide rate (female) per 100.000,Suicide rate (male) per 100.000,Internet User in %,Mobile phone subscriptions per 100 people
0,Norway,0.957,82.4,12.89775,66494.25217,0.899,3,2.3324,12.56175,21.6,9.3500003,27,0.045,2,40.82840237,61.669,2.055,78.67,3.346,NaN,NaN,14.714633174679722,79.8,0.468343712,6.5,13.6,96.4917,107.174
1,Ireland,0.955,82.31,12.6663305,68370.58737,0.885,3.4,3.28604,14.97823,25.9,11.25,32.8,0.093,5,24.31192661,59.008,4.619,76.679,4.928,NaN,NaN,5.115331814684629,82.2,0.87160546,4.2,17.6,84.5223,103.171
2,Switzerland,0.955,83.78,13.38081241,69393.52076,0.889,3.5,1.82879,14.93378,25.5,10.6,32.7,0.025,5,38.61788618,65.126,2.949,76.845,4.581,NaN,NaN,9.78048850013031,77.4,0.586468024,6.9,15.8,89.6861,129.609
3,"Hong Kong, China (SAR)",0.949,84.86,12.27996,62984.76553,0.824,2.5,9.8,25.6,NaN,NaN,NaN,NaN,NaN,NaN,57.893,0.171,88.231,3.629,NaN,0.09,1.9268388106416277,111.7,0.651136341,NaN,NaN,89.4159,259.426
4,Iceland,0.949,82.99,12.77278684,54682.38057,0.894,2.4,2.79474,11.73652,22.5,7.6399997,26.8,0.058,4,38.0952381,72.9,3.938,79.629,2.842,NaN,NaN,9.38532110091743,40.4,0.890969137,4.7,21.7,99.011,126.137
5,Germany,0.947,81.33,14.15168,55314.35355,0.869,3.8,2.280957858,17.65562,24.6,12.530001,31.9,0.084,7,31.61953728,58.961,1.21,71.747,3.043,NaN,NaN,5.933671607065214,79.1,0.947976619,4.8,13.6,89.7391,129.324
6,Sweden,0.945,82.8,12.54847,54507.80504,0.882,2.9,3.68669,12.98707,22.3,9.0300001,28.8,0.039,4,47.27793696,60.381,1.648,80.444,6.476,NaN,NaN,11.805862682018285,61.3,1.083072677,7.4,15.8,92.1417,125.12
7,Australia,0.944,83.44,12.72469119,48084.84207,0.867,3.7,2.7,17.3,27,9.0700001,34.4,0.097,6,36.56387665,62.067,2.56,77.635,5.268,NaN,NaN,5.779898839785169,172.6,0.891632403,6,17.4,86.545,113.579
8,Netherlands,0.944,82.28,12.4148,57707.06867,0.878,3.1,5.3671,12.21919,23.3,6.2100001,28.5,0.043,5,33.77777778,61.587,2.035,81.967,3.196,NaN,NaN,5.685174779179279,65.9,0.58618159,6.4,12.9,94.7121,124.27
9,Denmark,0.94,80.9,12.61380326,58661.87084,0.883,3.6,2.90482,11.38334,24,10.71,28.7,0.038,4,39.10614525,59.162,2.186,79.346,4.913,NaN,NaN,4.699038258756264,63.2,1.008321959,5.2,13.2,97.6443,125.119
10,Finland,0.938,81.91,12.82413,48511.3978,0.888,3,2.23918,10.61751,22.6,10.14,27.4,0.047,3,47,55.185,3.606,74.206,6.595,NaN,NaN,7.815652846766342,53.5,1.629671612,6.8,20.8,88.89,132.185
11,Singapore,0.938,83.62,11.62461,88155.21431,0.813,2.5,11,25,NaN,14.02,NaN,0.065,8,23,67.64,0.726,83.802,4.109,NaN,0.066,8.017902813299232,207.8,0.156317765,4.9,11.1,88.1656,145.707
12,United Kingdom,0.932,81.32,13.24287,46070.64481,0.856,4.1,2.73404,17.01375,26.8,12.61,34.8,0.118,7,28.90896456,60.357,1.034,81.086,3.851,NaN,NaN,6.178970398749099,137.0831537,1.204914777,3.5,11.9,94.8967,117.549
13,Belgium,0.931,81.63,12.05027,52084.59209,0.859,3.6,8.18013,11.38202,21.9,7.7699997,27.4,0.043,5,43.33333333,50.569,0.961,78.194,5.589,NaN,NaN,4.80824755209641,87.7,1.690054215,9.4,22.2,88.6551,103.439
14,New Zealand,0.931,82.29,12.78207732,40798.7196,0.859,4.3,1.840131778,16.4,NaN,8.6599998,NaN,0.123,9,40.83333333,67.063,5.663,74.757,4.069,NaN,NaN,NaN,206.2,0.744359509,6.2,17.3,90.8111,134.932
15,Canada,0.929,82.43,13.36610479,48527.03573,0.848,4.6,2.671,18.06,25.1,13.62,33.8,0.08,10,33.18284424,61.451,1.452,79.073,5.564,NaN,NaN,5.469992972593113,107.7,1.755921136,5.8,15.1,91,89.231
16,United States,0.926,78.86,13.41344,63825.65748,0.808,6.3,2.753,27.144,30.5,20.52,41.4,0.204,19,23.72881356,59.765,1.34,78.853,3.682,NaN,NaN,4.848470802113159,662.5,4.956950548,6.4,21.1,87.2661,123.688
17,Austria,0.922,81.54,12.5461436,56196.89869,0.857,3.7,2.91745,14.11727,23,9.2699997,29.7,0.069,5,38.52459016,57.848,3.581,71.163,4.674,NaN,NaN,5.099043038200444,103.1,0.967228608,5.7,17.5,87.7105,123.535
18,Israel,0.919,82.97,13.0348541,40186.84583,0.814,3.3,5.656,23.689,27.7,NaN,39,0.109,3,23.33333333,61.569,0.924,82.084,3.861,NaN,NaN,9.377639511595042,231.2,1.492021506,2.4,8.2,81.5812,127.662
19,Japan,0.919,84.63,12.85,42931.69575,0.843,2.9,4.656,16.663,26.4,10.44,32.9,0.094,5,14.50704225,60.312,3.423,72.307,2.291,NaN,NaN,3.4842105263157896,39.8,0.262574096,8.1,20.5,84.5881,139.201
20,Liechtenstein,0.919,80.67,12.53854,131031.5898,NaN,NaN,NaN,NaN,NaN,NaN,NaN,NaN,NaN,12,NaN,NaN,NaN,NaN,NaN,NaN,NaN,165.8,2.637269898,NaN,NaN,98.1,124.648
21,Slovenia,0.917,81.32,12.65874,38079.53399,0.875,2.9,2.12184,8.67573,20.4,7.6700002,24.2,0.063,7,22.30769231,55.913,5.226,61.325,4.195,NaN,NaN,7.273825042881647,67.2,0.481269937,4.5,22.4,79.75,118.674
22,Korea (Republic of),0.916,83.03,12.21376462,43043.71057,0.815,3,8.836,20.24,23.8,12.16,31.6,0.064,11,16.66666667,60.358,4.879,69.994,4.148,NaN,0.048,3.0320366618432857,105.9,0.603849393,11.6,29.6,95.8983,129.673
23,Luxembourg,0.916,82.25,12.31145,72711.67412,0.826,3.4,6.29069,18.99091,25.8,11.93,34.9,0.065,5,25,56.146,1.007,87.295,5.363,NaN,NaN,7.935228710902188,107.6,0.337886923,5.8,15,97.0613,132.165
24,Spain,0.904,83.57,10.25178,40974.52408,0.783,3,16.86947,19.46657,25.4,11.89,34.7,0.07,4,41.85667752,49.467,4.091,75.626,13.959,NaN,NaN,2.67737798007336,126.1,0.621079928,3.1,9.3,86.1072,115.871
25,France,0.901,82.66,11.4795,47172.53748,0.82,3.8,9.48623,13.49257,25.8,11.15,31.6,0.049,8,36.86486486,50.48,2.443,77.471,8.427,NaN,NaN,4.983705747766622,106.4,1.198636503,6.5,17.9,82.0435,108.408
26,Czechia,0.9,79.38,12.72238228,38108.56662,0.86,3,1.38824,8.88405,21.5,10.05,24.9,0.136,3,20.6405694,59.388,2.718,59.994,1.933,NaN,NaN,6.189054541743591,202.3,0.620240593,4.2,17.2,80.6882,119.174
27,Malta,0.895,82.53,11.32613,39554.52078,0.823,4.6,6.18818,13.01089,23.3,11.4,29.2,0.175,6,14.92537313,54.564,0.989,80.702,3.473,NaN,NaN,5.454242204496012,141,1.593607358,2.8,10.3,81.4031,140.204
28,Estonia,0.892,78.75,13.14306146,36019.26692,0.829,3.6,2.28057,14.78369,22.5,11.11,30.4,0.086,9,29.7029703,60.308,3.184,67.28,5.115,NaN,NaN,5.635168995042812,195.3,2.116541299,4.4,25.6,89.357,145.438
29,Italy,0.892,83.51,10.37955,42776.35692,0.783,3.1,10.60056,21.76434,26.7,8.7300003,35.9,0.069,2,35.26315789,44.655,3.684,70.444,9.887,NaN,NaN,3.31604652854809,100.8,0.569050661,2.6,8.4,74.3872,137.467
30,United Arab Emirates,0.89,77.97,12.11122,67462.0953,NaN,5.2,18.2,NaN,21.4,22.81,32.5,0.079,3,50,80.166,1.41,64.231,2.348,NaN,0.417,1.8550834402275889,106.6,0.463782488,0.8,3.5,98.45,208.505
31,Greece,0.888,82.24,10.55207,30154.63438,0.791,3.5,11.06794,17.80155,25.9,13.37,34.4,0.116,3,20.66666667,42.844,11.982,72.804,17.238,NaN,NaN,4.296493596526435,101.3,0.940863945,1.5,6.1,72.9521,115.667
32,Cyprus,0.887,80.98,12.17123,38206.84049,0.805,3.6,10.47803,13.21694,25.5,11.63,31.4,0.086,6,17.85714286,58.472,2.071,81.501,7.274,NaN,NaN,2.5759785578780656,52.1,1.261286411,1.9,7.2,84.4336,100.934
33,Lithuania,0.882,75.93,13.07721,35798.67041,0.791,5.5,3.88094,20.57362,28.4,10.39,37.3,0.124,8,21.27659574,57.704,6.873,67.211,6.352,NaN,NaN,4.633652360379679,231.5,4.569356042,6.7,47.5,79.7226,164.279
34,Poland,0.88,78.73,12.47232,31622.55302,0.813,4.3,4.93736,13.47713,23.5,13.99,29.7,0.115,2,27.85714286,54.731,9.235,58.826,3.474,NaN,NaN,6.952155993664502,192,0.7304547,3.4,23.9,77.5417,134.748
35,Andorra,0.868,81.91,10.50176,56000.30336,NaN,NaN,10.00815435,NaN,NaN,NaN,NaN,NaN,NaN,46.42857143,NaN,NaN,NaN,NaN,NaN,NaN,NaN,63.6,0,NaN,NaN,91.5675,107.283
36,Latvia,0.866,75.29,13.03085,30282.39353,0.783,5.4,2.53011,19.5844,26.9,10.9,35.6,0.176,19,30,57.408,6.75,69.518,6.52,NaN,NaN,3.266453558815189,182.7,4.355804966,5.1,31,83.5772,107.349
37,Portugal,0.864,82.05,9.26347,33966.82756,0.761,3.5,14.96519,16.92889,26.7,10.59,33.8,0.075,8,38.69565217,55.086,5.851,69.412,6.334,NaN,NaN,4.024567907916577,127,0.789766806,3.8,14.3,74.661,115.636
38,Slovakia,0.86,77.54,12.69315651,32113.04569,0.807,5,1.55613,11.67745,19.9,5.3300001,25.2,0.191,5,20,56.23,2.184,61.565,5.561,NaN,NaN,4.921979804963451,188.8,1.136985269,2.6,18.4,80.6603,132.802
39,Hungary,0.854,76.88,11.96329,31328.80599,0.791,4.2,3.11063,14.46582,23.9,12.13,30.6,0.233,12,12.56281407,54.548,4.7,62.605,3.399,NaN,NaN,3.74385130202858,174.6,2.487198635,6.2,22.2,76.0744,103.445
40,Saudi Arabia,0.854,75.13,10.22517,47495.42697,NaN,6.4,18,NaN,NaN,19.7,NaN,0.252,17,19.86754967,52.568,2.403,72.919,5.927,NaN,0.059,NaN,205.6,1.265815787,1.7,4.6,93.31,122.573
41,Bahrain,0.852,77.29,9.5192,42521.70451,NaN,5.5,22.7,NaN,NaN,18.000001,NaN,0.212,14,18.75,72.838,0.986,63.797,0.714,NaN,NaN,0.6147599269223898,233.3,0.523923468,2.1,7.9,98.6434,133.341
42,Chile,0.851,80.18,10.58295,23261.29726,0.709,6.3,10.386,31.144998,36.3,23.66,44.4,0.247,13,22.72727273,58.202,9.002,68.845,7.09,5.9,0.465,1.3693702681303879,245.5,4.404894484,3.8,16,82.3275,134.437
43,Croatia,0.851,78.49,11.44932,28069.84837,0.783,4.3,4.67412,14.67226,22.9,8.2000002,30.4,0.116,8,20.52980132,47.632,5.963,66.546,6.935,NaN,NaN,4.2791918581908766,77.4,0.577421797,5.1,18.8,72.6888,105.583
44,Qatar,0.848,80.23,9.73144,92418.23036,NaN,5.7,11.8,NaN,NaN,29.030001,NaN,0.185,9,9.756097561,86.741,1.194,44.376,0.091,NaN,0.082,0.9607778689351921,46.8,0.365972376,1.1,7.3,99.6528,141.856
45,Argentina,0.845,76.67,10.94060102,21190.17661,0.729,8.6,5.954049975,25.15935239,29.9,NaN,41.4,0.328,39,39.87730061,55.301,0.092,78.497,9.789,NaN,0.669,1.564236565080597,194.1,5.324478739,3.5,15,74.2949,132.093
46,Brunei Darussalam,0.838,75.86,9.14,63965.09279,NaN,7.6,NaN,NaN,NaN,NaN,NaN,0.255,31,9.090909091,58.781,1.363,82.756,9.117,NaN,0.17,2.445904636745422,136.1,0.494542721,2.8,6.2,94.6,131.934
47,Montenegro,0.829,76.88,11.58926489,21399.24713,0.749,3.6,7.81501,16.92405,27.7,8.5100003,39,0.109,6,28.39506173,46.341,7.933,72.96,14.883,9.3929,0.272,4.52164612407049,179.1,2.229998901,3.6,12.6,71.5173,180.694
48,Romania,0.828,76.05,11.0708,29497.23164,0.73,6.3,5.33215,22.70669,24.9,15.24,36,0.276,19,19.56989247,52.489,21.706,48.199,3.976,NaN,NaN,2.4683993750887656,106.6,1.281649699,2.4,13.9,70.6813,116.246
49,Palau,0.826,73.93,12.49143,19316.97453,NaN,NaN,1.9,NaN,NaN,NaN,NaN,NaN,NaN,13.79310345,NaN,NaN,NaN,NaN,NaN,NaN,2.082213438735178,422.2,11.16632237,NaN,NaN,NaN,134.407
50,Kazakhstan,0.825,73.6,11.8949,22857.46082,0.766,7.7,3.2,10.3,23,NaN,27.5,0.19,10,22.07792208,65.601,15.802,63.742,4.59,NaN,0.132,1.8667470797359065,201,5.06083427,7.7,40.1,78.9039,141.968
51,Russian Federation,0.824,72.58,12.17244258,26157.04711,0.74,7.1,4.196,18.752,29.9,20.24,37.5,0.225,17,16.4516129,58.968,5.757,67.568,4.585,NaN,0.086,5.465586738648953,386.4,8.209475626,7.5,48.3,80.8647,157.431
52,Belarus,0.823,74.79,12.30584324,18546.48713,0.771,4.4,3.7,10.8,21.4,NaN,25.2,0.118,2,34.93975904,61.184,11.018,58.531,4.595,0.97577,0.218,5.111881036173473,344.4,2.39087279,6.2,39.3,79.1299,122.925
53,Turkey,0.82,77.69,8.10682,27700.89481,0.683,9,16.5,24.09507,32.6,23.44,41.9,0.306,17,17.44966443,45.702,18.376,55.316,13.49,NaN,0.395,1.6020588685799175,321.6,2.590475672,3.2,11.3,71.0428,97.3013
54,Uruguay,0.817,77.91,8.92573,20063.64222,0.712,7.9,6.526061455,23.357915,29.7,14,39.7,0.288,17,20.93023256,58.431,8.119,72.967,8.731,4.2,0.1,1.2255924712065063,297,12.06045302,7.1,26.8,68.2797,149.904
55,Bulgaria,0.816,75.05,11.36009,23324.6574,0.721,6.1,6.09875,21.79482,31.9,12.630001,40.4,0.206,10,25.83333333,52.964,6.393,63.464,4.34,NaN,NaN,2.613773404443336,94.3,1.304666594,3.2,13.1,64.782,118.117
56,Panama,0.815,78.51,10.24,29557.66834,0.643,12,11.37222672,36.912765,37.1,NaN,49.2,0.407,52,21.12676056,63.991,13.952,67.3,3.902,2.6,2.306,1.2907783135838513,396.5,9.385022462,1.2,7.6,57.8651,130.068
57,Bahamas,0.814,73.92,11.43692,33747.21264,NaN,6.8,6.3,NaN,NaN,NaN,NaN,0.341,70,21.81818182,66.835,2.138,83.646,10.36,NaN,0.19,2.0380527210884356,460.6,31.95817147,0.5,2.8,85,98.9508
58,Barbados,0.814,79.19,10.64244442,14935.90942,0.676,8.7,5.5,33.6,NaN,NaN,NaN,0.252,27,29.41176471,58.488,2.63,78.331,10.331,1.35401,0.348,1.8090909090909089,296.2,9.768350544,0.3,0.8,81.7608,122.573
59,Oman,0.813,77.86,9.731845912,25944.07218,0.706,6.7,11.9488,20.1,NaN,19.490001,NaN,0.306,19,9.88372093,70.436,4.56,62.688,2.671,NaN,0.229,NaN,NaN,0.269180342,0.9,4.8,80.1856,133.366
60,Georgia,0.812,73.77,13.13296,14428.79984,0.716,7.9,4.1406,22.52352,27.5,NaN,36.4,0.331,25,14.76510067,58.492,41.818,44.306,14.398,1.6,12.103,3.8644372718133235,239.2,2.223362494,1.9,12.3,63.9686,133.398
61,Costa Rica,0.81,80.28,8.74194,18486.37141,0.661,7.1,11.58937058,33.91643,36.3,NaN,48,0.288,27,45.61403509,54.737,12.109,68.135,11.854,1.7,0.693,0.936581135560272,287.4,11.2612545,2.3,12.8,74.0868,169.931
62,Malaysia,0.81,76.16,10.37283,27534.09856,NaN,6.1,12.1,NaN,31.3,14.55,41,0.253,29,15.51724138,62.152,10.361,62.642,3.324,NaN,0.046,2.1991031880570895,178.1,2.127665134,3.6,8.7,81.2017,134.526
63,Kuwait,0.806,75.49,7.275667996,58590.08219,NaN,5.9,22.10817735,NaN,NaN,19.930001,NaN,0.242,12,4.615384615,71.889,2.011,73.605,2.182,NaN,0.627,0.8239669602080282,147.9,NaN,1.7,2.5,99.6,178.591
64,Serbia,0.806,76.0,11.19411,17191.66873,0.705,4.9,7.47189,23.971,25.6,12.800001,36.2,0.132,12,37.65182186,47.915,15.459,57.399,12.686,6.95,0.223,3.08818752686209,156.4,1.226890579,5.2,17.3,73.3607,97.5831
65,Mauritius,0.804,74.99,9.54,25266.21195,0.694,9.4,13.2,18.2,29.9,13.81,36.8,0.347,61,20,54.421,6.072,68.642,6.674,NaN,0.481,1.5578084012050815,193.1,2.919860099,2.2,12.5,58.5962,151.359
66,Seychelles,0.796,73.4,9.992045,26903.24617,0.67,9.6,6.65648,29.3,39.9,20.370001,46.8,NaN,53,21.21212121,NaN,NaN,NaN,NaN,NaN,NaN,2.3439599937490234,393.8,12.53774383,2.1,15,58.7698,184.298
67,Trinidad and Tobago,0.796,73.51,11.034,26230.71569,NaN,14.9,NaN,NaN,NaN,NaN,NaN,0.323,67,32.87671233,58.347,2.975,70.299,2.686,0.75954,0.568,1.6741433249785032,287.7,30.64950684,4.3,21.9,77.3261,140.057
68,Albania,0.795,78.57,10.14573,13998.29989,0.708,7.2,12.3,13.17898,24.8,8.2099997,33.2,0.181,15,29.50819672,48.86,36.691,43.304,12.331,3.3,0.835,3.3977287694086313,184.4,2.289492444,4.3,7,71.847,94.177
69,Cuba,0.783,78.8,11.7907808,8620.716216,NaN,5.1,7.81109,NaN,NaN,NaN,NaN,0.304,36,53.2231405,52.703,17.508,65.614,1.638,NaN,0.82,3.9831556717618666,NaN,5.046268637,4.1,16.4,57.1484,47.3915
70,Iran (Islamic Republic of),0.783,76.68,10.34749,12446.66645,0.693,9.2,5,19.7,31.3,16.26,40.8,0.459,16,5.882352941,39.581,17.949,51.473,11.382,NaN,0.693,1.4654164539369847,293.4,2.499168375,3.1,4.9,70.0046,108.462
71,Sri Lanka,0.782,76.98,10.63257,12707.36624,0.673,7,11.99693,22.36351,32.9,NaN,39.8,0.401,36,5.333333333,51.652,24.517,45.826,4.198,NaN,6.719,1.0021560245064671,97.5,2.421243634,6.2,23.3,34.1133,115.061
72,Bosnia and Herzegovina,0.78,77.4,9.81787,14871.81114,0.667,5.4,17,20.2,25.1,8.9500003,33,0.149,10,21.05263158,37.847,15.383,52.353,18.425,NaN,0.145,2.195154135196612,84.1,1.17331026,2.5,10.6,70.1201,104.126
73,Grenada,0.779,72.4,9.032104,15640.88574,NaN,11.2,NaN,NaN,NaN,NaN,NaN,NaN,25,39.28571429,NaN,NaN,NaN,NaN,NaN,NaN,NaN,414.4,10.82309649,1,2.1,59.0717,102.077
74,Mexico,0.779,75.05,8.75461,19159.83967,0.613,10.5,18.38918256,33.388511,36.4,NaN,45.4,0.322,33,48.40764331,58.602,12.609,61.247,3.425,4.7,8.269,0.9650490678892981,155.6,29.07106163,2.3,8.2,65.7726,93.0078
75,Saint Kitts and Nevis,0.779,74.76,8.662745,25037.50727,NaN,NaN,NaN,NaN,NaN,NaN,NaN,NaN,NaN,13.33333333,NaN,NaN,NaN,NaN,NaN,NaN,NaN,423.1,NaN,NaN,NaN,80.7102,147.714
76,Ukraine,0.779,72.07,11.39749842,13215.9357,0.728,7.4,3.6,8.5,22,NaN,26.1,0.234,19,20.51886792,49.341,14.478,60.955,8.882,3.2084,0.123,1.969219453006751,128.3,6.183730571,4.7,34.5,58.8895,122.551
77,Antigua and Barbuda,0.778,77.02,9.293740746,20895.35881,NaN,5.8,NaN,NaN,NaN,NaN,NaN,NaN,42,31.42857143,NaN,NaN,NaN,NaN,NaN,NaN,NaN,317.7,NaN,0.9,0,76,192.82
78,Peru,0.777,76.74,9.69633,12252.30018,0.628,10.8,16.96786,28.57682,32.1,NaN,42.8,0.395,88,30,75.063,27.386,57.268,3.31,14.5,9.47,0.4310114041490969,284.3,7.909223863,2.7,7.6,52.5403,123.76
79,Thailand,0.777,77.15,7.9391,17781.19093,0.646,7.9,18.3,23.8,28.1,20.23,36.4,0.359,37,14.13333333,66.818,31.615,45.75,0.754,NaN,0.125,1.1902333306634272,527.6,2.582003648,4.8,21.4,56.8175,180.183
80,Armenia,0.776,75.09,11.30174,13894.01302,0.699,8.7,2.9,17.4,29.2,NaN,34.4,0.245,26,23.48484848,46.173,29.638,53.187,16.99,4.1,6.197,2.530983998873821,76.8,1.693915557,2,10.1,64.7449,121.259
81,North Macedonia,0.774,75.8,9.812715,15864.63074,0.681,7.9,8.36817,19.15726,23.8,7.66,34.2,0.143,7,39.16666667,45.309,15.377,53.221,17.759,7.56379,0.082,2.3348630643967434,108.3,1.200216807,3,9.7,79.1678,98.4558
82,Colombia,0.767,77.29,8.46873,14256.67085,0.595,10.7,18.595,35.52712,39.7,20.45,50.4,0.428,83,19.56521739,62.095,16.613,63.395,9.707,3.6,5.189,1.2009229754372959,234.6,25.3438026,2.8,11.5,62.2599,129.909
83,Brazil,0.765,75.88,7.9813,14262.93459,0.57,10.9,21.189,40.961673,42.5,28.349999,53.9,0.408,60,14.98316498,56.165,9.221,70.996,12.083,5.4,3.841,1.3843161980349057,344.2,27.38253029,2.8,9.7,67.4713,98.8435
84,China,0.761,76.91,8.06,16057.39642,0.639,7.9,11.7,27.4,29.3,13.92,38.5,0.168,29,24.94117647,65.05,25.363,46.436,4.32,NaN,5.207,NaN,110.4,0.527090789,8.3,7.9,54.3,114.955
85,Ecuador,0.759,77.01,8.907169486,11043.98255,0.616,11.5,13.89604924,29.896735,34.4,NaN,45.4,0.384,59,37.95620438,65.338,29.202,52.477,3.968,NaN,7.813,0.5265469490061477,219.5,5.800627346,3.8,10.7,57.2722,92.3233
86,Saint Lucia,0.759,76.2,8.508470732,14615.56978,0.629,10.6,12.6,27.4,38.6,NaN,51.2,0.401,117,20.68965517,53.209,17.274,64.478,20.706,3.31453,NaN,1.3655566413590918,291.2,21.4415306,2.1,12.7,50.8152,101.68
87,Azerbaijan,0.756,73.01,10.57543,13783.67995,0.684,13.9,5.3,8.9,NaN,NaN,NaN,0.323,26,16.80672269,62.838,35.87,49.273,5.509,NaN,0.06,1.5057592485349516,219.7,2.201107449,1,4.3,79.8,103.921
88,Dominican Republic,0.756,74.08,8.123720269,17591.06522,0.595,17,15.82688819,30.369914,35.2,NaN,43.7,0.455,95,24.32432432,60.562,9.021,71.118,5.845,7,2.843,0.8802543314771875,245.4,10.04973395,3.2,17.9,74.8243,84.1021
89,Moldova (Republic of),0.75,71.9,11.70817,13663.60669,0.672,9.6,7.3,14,22,9.9299997,25.7,0.204,19,25.74257426,40.728,35.931,47.22,5.473,NaN,0.348,2.254949551848109,172.5,4.096792902,3.8,24.1,76.1245,88.014
90,Algeria,0.748,76.88,7.986547848,11173.95681,0.596,14.1,33.7,11.4,22.9,9.7,27.6,0.429,112,21.54882155,36.333,9.856,59.41,11.704,4.26,1.268,0.8420016141909877,149.2,1.364276397,1.8,4.9,59.5797,121.932
91,Lebanon,0.744,78.93,8.718636,14654.53395,NaN,7.4,6.2,NaN,24.8,23.360001,31.8,0.411,29,4.6875,44.085,13.609,63.934,6.229,NaN,0.21,NaN,92.3,2.492926503,2.2,4.2,78.1808,64.4981
92,Fiji,0.743,67.44,10.90163,13009.07311,NaN,14.9,NaN,NaN,29.7,NaN,36.7,0.37,34,19.60784314,55.279,36.26,50.414,4.101,NaN,7.225,1.699888828563303,209.4,2.308277367,2.5,8.8,49.9664,117.831
93,Dominica,0.742,78.21,8.142186,11883.95528,NaN,NaN,NaN,NaN,NaN,NaN,NaN,NaN,NaN,25,NaN,NaN,NaN,NaN,NaN,NaN,NaN,267.6,26.58830115,NaN,NaN,69.6197,105.788
94,Maldives,0.74,78.92,7.020278,17416.77777,0.584,6,29.3,25.8459,25.2,NaN,31.3,0.369,53,4.597701149,65.507,8.47,73.146,6.138,NaN,8.945,3.397583121912138,373.4,0.721861826,1.6,3.6,63.1857,166.364
95,Tunisia,0.74,76.7,7.22022,10414.06361,0.596,9,30.70285,16.88955,25.6,10.74,32.8,0.296,43,22.58064516,38.734,13.031,54.419,16.022,2.2546,0.89,0.9501136909797662,194.6,NaN,2.2,4.4,64.1908,127.707
96,Saint Vincent and the Grenadines,0.738,72.53,8.784648,12377.65413,NaN,11.3,NaN,NaN,NaN,NaN,NaN,NaN,68,13.04347826,53.432,10.727,69.339,18.881,NaN,NaN,NaN,426.4,36.54069263,0.9,3.9,22.3943,96.0657
97,Suriname,0.738,71.68,9.261387,14324.37746,0.535,12.8,18.36769,46.69631,NaN,NaN,NaN,0.436,120,31.37254902,47.385,7.518,69.013,7.334,4.3,14.362,3.1923159018143012,192,5.433820449,10.9,36.1,48.9452,130.605
98,Mongolia,0.737,69.87,10.2512725,10838.6743,0.634,13.1,11.88363,16.94628,25.7,NaN,32.7,0.322,45,17.33333333,56.089,27.424,53.212,6.011,14.7,2.018,2.8624058716995524,151.5,6.182547929,3.8,23.3,23.7143,133.178
99,Botswana,0.735,69.59,9.56,16437.14142,NaN,19.4,23.27683,NaN,41.5,22.6,53.3,0.465,144,10.76923077,57.935,20.687,61.197,18.193,NaN,28.303,0.5903841889502321,197,NaN,5.7,18.3,47,150.006
100,Jamaica,0.734,74.48,9.73305,9319.131127,0.612,10,5.6,32,NaN,NaN,NaN,0.396,80,19.04761905,60.746,15.93,67.901,8.002,2.9,3.336,1.5849712178558826,132,43.85228153,0.9,3.2,55.0721,101.027
101,Jordan,0.729,74.53,10.518,9858.487276,0.622,10.6,15.4,17.91185,27.5,16.1,33.7,0.45,46,15.38461538,33.521,3.084,72.401,14.715,1.7,1.356,NaN,160.4,1.359106628,2.7,4.7,66.7903,87.6215
102,Paraguay,0.728,74.25,8.53508,12223.94045,0.557,13.8,16.71896,37.799,35.9,NaN,46.2,0.446,84,16.8,68.627,20.13,61.711,4.809,17.85,1.618,0.9144798237033539,210.3,7.144839995,6.2,12.3,64.9935,106.953
103,Tonga,0.725,70.91,11.24,6364.577962,NaN,10.4,4.5,NaN,29.7,NaN,37.6,0.354,52,7.407407407,59.083,24.189,46.706,1.117,NaN,NaN,3.853846153846154,174.3,NaN,2.9,5.2,41.2487,105.824
104,Libya,0.724,72.91,7.599985,15687.71357,NaN,9.1,NaN,NaN,NaN,13.49,NaN,0.252,72,15.95744681,40.463,18.905,59.173,18.563,NaN,0.356,NaN,97.2,NaN,2.3,8.7,21.7589,91.4793
105,Uzbekistan,0.72,71.73,11.8072,7141.953943,NaN,13.9,0.7,NaN,NaN,NaN,NaN,0.288,29,16.4,61.21,23.924,46.597,5.917,NaN,37.196,NaN,144.3,1.135802775,4.6,10.3,52.3051,75.925
106,Bolivia (Plurinational State of),0.718,71.51,9.017540839,8553.783786,0.546,22.5,17.56781022,31.169242,30.4,NaN,42.2,0.417,155,51.80722892,69.301,30.709,49.882,3.498,NaN,9.98,2.4974702270159685,160.3,6.218374444,8.9,16.9,43.8323,100.816
107,Indonesia,0.718,71.72,8.16668,11459.09692,0.59,13.9,16.15374573,23.13405473,30.4,NaN,39,0.48,177,17.39130435,64.333,28.635,48.911,4.687,NaN,21.474,0.6515721553132523,95.7,0.434534589,2.2,5.2,39.7875,119.838
108,Philippines,0.718,71.23,9.393091398,9777.798117,0.587,15.3,10.1,28.1,34.8,NaN,44.4,0.43,121,28.04878049,58.339,23.405,57.157,2.15,NaN,18.265,0.7907494869868205,182.5,6.464988165,2.3,5.2,60.0548,110.128
109,Belize,0.716,74.62,9.921731875,6381.597682,0.554,11.1,15.9,37.9,NaN,NaN,NaN,0.415,36,11.11111111,60.884,16.846,67.454,6.413,3.3,7.114,0.7680671730282345,344.9,37.78857029,2,9.9,47.0826,85.527
110,Samoa,0.715,73.32,10.77921,6308.652491,NaN,10,4.9,NaN,31.3,NaN,38.7,0.36,43,10,40.033,30.394,46.542,8.359,NaN,NaN,2.5041557824744713,205.1,3.146105122,2.2,8.7,33.6109,63.5832
111,Turkmenistan,0.715,68.19,10.27379667,14908.6706,0.586,23.4,2.94467,26.20491,NaN,NaN,NaN,NaN,7,25,61.959,19.883,37.718,3.913,0.28084,14.474,NaN,528.9,NaN,3.7,11,21.251,162.861
112,Venezuela (Bolivarian Republic of),0.711,72.06,10.30728,7044.638972,0.588,17.1,8.8,25.2,NaN,NaN,NaN,0.479,125,22.15568862,54.473,8.306,75.069,8.801,NaN,18.764,46.56813293835978,194.2,36.68763484,1.2,6.6,72,71.7661
113,South Africa,0.709,64.13,10.24064634,12129.23006,0.468,19.2,17.29413,56.996,50.5,19.21,63,0.406,119,45.33333333,40.231,5.088,72.006,28.181,3.6,17.096,0.8059882678309022,284,36.39917415,5.1,21.7,56.1674,153.25
114,"Palestine, State of",0.708,74.05,9.16551,6417.389121,0.613,12,11.592,16.61632726,25.2,15.809999,33.7,NaN,27,NaN,32.366,6.085,62.282,26.169,9.38247,1.377,1.4011589149274397,22.2,0.49352475,NaN,NaN,64.4,89.4854
115,Egypt,0.707,71.99,7.434,11466.14512,0.497,11.6,38.1,36.5,26.9,15.790001,31.5,0.449,37,14.93288591,41.419,23.792,48.528,10.76,4.79,11.885,3.680724697983362,112.2,NaN,1.7,7.2,46.9243,95.2866
116,Marshall Islands,0.704,74.11,10.8856786,5039.043833,NaN,NaN,4.3,NaN,NaN,NaN,NaN,NaN,NaN,6.060606061,NaN,NaN,NaN,NaN,NaN,NaN,NaN,61.4,NaN,NaN,NaN,38.7012,27.5586
117,Viet Nam,0.704,75.4,8.32,7432.706806,0.588,12.9,17.6,19.133,27.5,NaN,35.7,0.296,43,26.72064777,75.888,37.358,35,2.013,13.12,6.16,0.3276404154669745,137.4,NaN,3.4,10.8,70.3496,147.195
118,Gabon,0.703,66.47,8.698,13929.80613,0.544,22.8,23.5,21.2,27.7,10.9,38,0.525,252,17.94871795,42.314,32.831,56.415,20.004,19.59701,5.254,NaN,173.2,NaN,4.3,15,62,138.281
119,Kyrgyzstan,0.697,71.45,11.10481377,4864.390351,0.63,11.3,3.36425,13.83059,23.6,NaN,27.7,0.369,60,19.16666667,56.044,21.172,54.759,6.33,22.3,13.686,0.7500447376035028,177.1,2.189077613,3.7,14.8,38,122.57
120,Morocco,0.686,76.68,5.648,7368.360268,NaN,13,NaN,NaN,31.9,14.95,39.5,0.454,70,18.44660194,41.22,34.69,43.598,9.019,NaN,4.967,0.4509802702117762,232.5,1.415522885,3.6,2.5,64.8039,124.172
121,Guyana,0.682,69.91,8.489781305,9455.014358,0.556,19,10.7,25.1,NaN,NaN,NaN,0.462,169,31.88405797,49.524,17.137,60.041,11.852,10.84,4.957,0.9684918745471484,275.2,14.24890919,14.2,46.6,37.3258,82.9711
122,Iraq,0.674,70.6,7.316,10800.83898,0.541,15.9,29.7,12.67895,23.7,22.02,29.5,0.577,79,25.22796353,37.484,18.099,59.58,12.822,4.5,6.774,1.2952583118234002,105,10.07025321,3.4,4.7,49.36,94.883
123,El Salvador,0.673,73.32,6.907268,8359.115144,0.529,12.5,29.0996829,21.811224,29.4,NaN,38.6,0.383,46,30.95238095,56.668,16.281,61.586,4.11,10,4.412,0.5261460712947795,617.4,52.01892617,4.3,24.8,33.8207,146.913
124,Tajikistan,0.668,71.1,10.7337,3953.598166,0.584,16.7,6.03825,14.5,26.4,NaN,34,0.314,17,20,37.391,44.921,39.364,11.017,NaN,15.867,0.9439968264367434,NaN,NaN,1.7,5,21.96,111.528
125,Cabo Verde,0.665,72.98,6.287719287,7019.168144,NaN,12.2,23.7,NaN,32.3,NaN,42.4,0.397,58,23.61111111,53.049,11.46,66.549,12.249,NaN,10.935,0.7512268863377444,288.1,6.804422507,7.7,24.1,58.1714,112.241
126,Guatemala,0.663,74.3,6.62261,8494.085111,0.481,14.6,30.8,35.4,38.1,NaN,48.3,0.479,95,19.375,60.817,31.49,49.964,2.459,NaN,12.902,0.30413411770494486,140.9,22.50134872,1.7,4.4,65,118.667
127,Nicaragua,0.66,74.49,6.912,5283.658869,0.505,13.1,25.7,30.693801,37.2,NaN,46.2,0.428,98,44.56521739,61.864,30.652,53.415,6.837,NaN,22.974,0.39063091409274775,323.5,7.185947903,5,19.2,27.863,115.096
128,Bhutan,0.654,71.78,4.0738,10745.84396,0.476,17.1,41.7,20,27.9,NaN,37.4,0.421,183,15.27777778,65.152,55.315,33.917,2.342,3.50301,11.17,4.135524652338812,155.6,1.193007386,8.9,13.8,48.1064,93.2616
129,Namibia,0.646,63.71,6.99,9356.673607,0.418,22.1,25,53.6,47.3,21.5,59.1,0.44,195,36.95652174,47.464,22.133,61.594,20.273,NaN,14.632,0.6531446855314468,313.8,NaN,4.9,19.4,51,112.702
130,India,0.645,69.66,6.5,6681.346904,0.475,19.7,38.7,18.79302,31.7,21.340001,37.8,0.488,133,13.48600509,46.653,42.385,32.038,5.355,NaN,42.375,0.6301881529043267,32.7,3.079232442,14.5,18.5,34.45,86.9426
131,Honduras,0.634,75.27,6.573452,5308.452598,0.472,13.3,23.34273802,37.819458,39.1,NaN,52.1,0.423,65,21.09375,65.067,30.26,49.767,5.386,NaN,23.062,0.5477091678664692,216.2,38.9255911,1.7,5.3,31.7,79.1503
132,Bangladesh,0.632,72.59,6.219339024,4976.209148,0.478,17.3,37.31177,16.55655,26.8,NaN,32.4,0.537,173,20.63037249,56.521,38.577,40.164,4.19,NaN,42.612,0.4842642024063942,51.6,2.373328796,6.7,5.5,15,97.2812
133,Kiribati,0.63,68.37,7.984461822,4259.732067,0.516,24.7,9.63653,19.35687,NaN,NaN,NaN,NaN,92,6.52173913,NaN,NaN,NaN,NaN,NaN,NaN,1.188280675973549,114.2,NaN,5.4,25.9,14.5818,46.6132
134,Sao Tome and Principe,0.625,70.39,6.436763183,3952.072482,0.52,17,18.3,14.9,49.2,8.7899998,56.3,0.537,130,14.54545455,50.064,19.095,62.472,13.369,18.16,NaN,0.8276668083297917,119.9,NaN,2.1,4.2,29.9312,77.0561
135,Micronesia (Federated States of),0.62,67.88,7.804956,3982.736516,NaN,16.1,NaN,26.4,29.7,NaN,40.1,NaN,88,0,NaN,NaN,NaN,NaN,NaN,NaN,1.607037401574803,123.4,NaN,6.2,16.2,35.3041,20.7377
136,Lao People's Democratic Republic,0.613,67.92,5.288,7413.33163,0.461,22.6,31.3,20.3,29.8,NaN,36.4,0.459,185,27.51677852,77.982,62.422,25.685,0.626,28.2,35.624,2.7623036803924177,121.7,NaN,6.1,12.9,25.5104,51.8634
137,Eswatini (Kingdom of),0.611,60.19,6.855161078,7919.058294,0.432,25.1,24.1,37.9,42.7,18.2,54.6,0.567,437,12.12121212,40.91,12.458,63.75,22.083,7.77351,13.479,0.9998096362148066,304,11.55752804,9.6,25.4,47,93.5273
138,Ghana,0.611,64.07,7.306,5268.919684,0.44,24.2,35.10167,24.14249,32.2,15.12,43.5,0.538,308,13.09090909,64.862,29.265,48.959,4.331,19.9,21.463,2.121142453235785,48.6,2.091241017,2.9,15.8,39,137.517
139,Vanuatu,0.609,70.47,7.064846,3104.799016,NaN,14.4,NaN,19.7,29.4,NaN,37.6,NaN,72,0,66.811,55.842,37.843,4.385,15.62946,NaN,0.7809086395233368,69.1,NaN,2.7,8.1,25.7198,79.8627
140,Timor-Leste,0.606,69.5,4.794383,4440.457586,0.436,21.7,44.9,13.58745,24,NaN,28.7,NaN,142,38.46153846,64.275,44.482,45.852,4.548,NaN,62.645,0.8219982136021436,54.8,4.095983095,3.7,9,27.4927,103.241
141,Nepal,0.602,70.78,5.014,3456.706213,0.446,17.5,40.9,16.3,26.4,NaN,32.8,0.452,186,33.53293413,82.626,65.004,19.859,1.407,21.71,33.449,0.6800606609627392,68.3,2.299783996,8,11.4,34,139.446
142,Kenya,0.601,66.7,6.564,4243.62556,0.443,22.5,22.9,33.1,31.6,15.019999,40.8,0.518,342,23.26139089,72.722,54.44,38.249,2.642,NaN,55.459,NaN,101.6,4.928728024,2.1,9.7,17.8271,96.3202
143,Cambodia,0.594,69.82,4.966,4246.178107,0.475,18.1,27.3,14.3,NaN,NaN,NaN,0.474,160,19.2513369,81.756,32.297,38.702,0.677,12.6,36.831,0.46548835218046003,190.8,NaN,3.2,9,40,119.492
144,Equatorial Guinea,0.592,58.74,5.910863,13944.13223,NaN,34.6,NaN,NaN,NaN,17.33,NaN,NaN,301,19.18604651,57.981,42.357,38.577,6.433,NaN,24.944,NaN,42.8,NaN,10.8,31.3,26.24,45.1669
145,Zambia,0.584,63.89,7.152016,3325.518591,0.401,26.5,20.43572,44.84022,44.4,23.08,57.1,0.539,213,17.96407186,66.091,48.839,40.327,11.425,23,63.993,1.0344556902504756,148.3,5.371749635,6.2,17.5,14.3,89.157
146,Myanmar,0.583,67.13,5.034490583,4960.528169,NaN,22.8,26.9,NaN,25.5,NaN,30.7,0.478,250,11.56773212,60.693,48.889,34.964,1.577,9.9,17.088,0.26052002887839204,171.3,2.258451326,9.8,6.3,30.6782,113.844
147,Angola,0.581,61.15,5.173993233,6104.05464,0.397,32,34.3,28.9,39.6,15.180001,51.3,0.536,241,30,72.157,50.38,41.498,6.886,18.72365,53.323,1.485406637274733,79.4,NaN,4.6,14,14.3391,43.1305
148,Congo,0.574,64.57,6.517170529,2879.190985,0.43,22.8,20.9,31,37.9,20.41,48.9,0.57,378,13.63636364,62.87,34.13,44.014,9.472,14.12474,59.005,NaN,26.2,NaN,5,13.9,8.65,95.3405
149,Zimbabwe,0.571,61.49,8.4668,2665.612042,0.441,24.2,14.60503,28.76901,34.8,17.209999,44.3,0.527,458,34.57142857,78.982,66.544,26.873,4.954,27.9,43.144,0.5175880479933623,137.1,NaN,11.1,29.1,27.0555,89.4049
150,Solomon Islands,0.567,73.0,5.711848,2253.346153,NaN,12.1,NaN,19.4,29.2,NaN,37.1,NaN,104,4.081632653,83.353,37.593,52.861,0.576,17.86,49.053,4.985787429378531,75,NaN,3.2,8.5,11.9242,73.8338
151,Syrian Arab Republic,0.567,72.7,5.1,3613.05256,NaN,13,NaN,NaN,NaN,14.68,NaN,0.482,31,13.2,40.422,10.729,62.719,8.37,NaN,53.838,1.6415886531699133,NaN,0.879312215,1.1,3.8,34.2534,98.374
152,Cameroon,0.563,59.29,6.310862,3580.902737,0.375,33.5,31.71699,34.98911,35,15.73,46.6,0.56,529,29.28571429,73.501,43.437,41.612,3.38,38.9,33.593,1.706378043922579,129.6,1.388093415,12.5,26.9,23.203,69.0854
153,Pakistan,0.557,67.27,5.158944258,5005.034893,0.384,29.9,43.5,17.23416,28.9,NaN,33.5,0.538,140,20,50.232,36.661,38.013,4.453,12.8,27.232,0.7239641567233207,39.4,3.88308273,3.1,3,15.51,72.5571
154,Papua New Guinea,0.555,64.5,4.66,4301.098542,0.39,24.1,35.65204,28.89932,31,NaN,41.9,0.725,145,0,46.032,58.316,35.049,2.459,NaN,44.796,0.25243145951852924,59.1,NaN,3.8,10.2,11.2092,47.6177
155,Comoros,0.554,64.32,5.078649,3099.445776,0.303,28.9,47.6,56,33.7,14.06,45.3,NaN,273,6.060606061,41.405,50.375,36.594,4.336,28.47181,29.309,4.86106680843523,27,NaN,5.4,17.6,8.47817,59.9411
156,Mauritania,0.546,64.93,4.726,5134.570124,0.371,30,40.8,24.6,24.9,10.6,32.6,0.634,766,20.26143791,41.503,51.274,35.785,9.548,14,15.937,9.947053666478803,46.1,NaN,3.6,12.1,20.801,103.706
157,Benin,0.545,61.77,3.826328,3254.245627,0.343,34.9,43.7,32,37.6,17.5,47.8,0.612,397,7.228915663,69.285,38.578,42.429,2.232,24.8,67.495,NaN,69.8,1.127497407,9.6,22.6,20,82.3843
158,Uganda,0.544,63.37,6.171951533,2123.26935,0.399,27.2,27.9,24.94038796,34.2,16.850001,42.8,0.535,375,34.8583878,69.04,72.666,20.731,1.843,18.1,65.45,0.7525913569272515,118.8,10.52446028,18.7,21.2,23.7065,57.2726
159,Rwanda,0.543,69.02,4.417150539,2155.334054,0.387,19.5,29.3,36.4,35.6,NaN,43.7,0.402,248,55.66037736,82.793,62.406,28.702,1.03,19,74.211,0.16755604734067972,509.1,2.577168608,6,16.9,21.7676,78.8541
160,Nigeria,0.539,54.69,6.65519163,4910.208257,0.348,37.1,40.41507,28.05169,32.7,15.260001,43,NaN,917,4.112554113,48.623,35.098,52.669,8.096,31.48,61.978,6.679361094347214,36.5,34.5240459,17.1,17.5,42,88.1842
161,Côte d'Ivoire,0.538,57.78,5.288,5068.606313,0.346,33.3,45.60904,27.04145,31.9,17.08,41.5,0.638,617,13.27683616,55.064,40.049,46.783,3.317,22.1,48.175,1.0962669022294467,66,NaN,13,32,46.8237,134.858
162,Tanzania (United Republic of),0.529,65.46,6.122,2599.847211,0.397,25.3,27,22.4,33.1,16.17,40.5,0.556,524,36.8956743,81.761,65.306,27.943,1.98,24.8,68.542,0.31900180652126026,66.8,6.48265759,5.4,14.3,25,77.2414
163,Madagascar,0.528,67.04,6.1,1596.28108,0.39,21.1,29.34582,27.557,33.5,15.019999,42.6,NaN,335,16.90140845,84.613,64.222,26.791,1.758,NaN,85.319,0.07966717088760662,94.9,NaN,3.6,10.5,9.8,40.5703
164,Lesotho,0.527,54.33,6.53928325,3150.620131,0.382,33.1,19.55712,29.57664,32.9,18.95,44.9,0.553,544,23.02631579,51.996,8.536,49.241,23.405,13.9,60.631,0.24126661508436015,101.5,43.56460456,32.6,22.7,29,113.831
165,Djibouti,0.524,67.11,4.1,5689.348966,NaN,23.4,NaN,27.7,32.3,15.74,41.6,NaN,248,26.15384615,54.041,33.122,53.808,10.295,NaN,NaN,NaN,69,NaN,5.3,11.9,55.6814,41.1959
166,Togo,0.515,61.04,4.949925584,1602.34934,0.351,30.5,37.72766,26.85326,31.6,13.74,43.1,0.573,396,16.48351648,76.011,37.699,49.419,2.038,22.62,61.649,1.8892141951837769,64.8,NaN,10.9,22.7,12.3602,77.8861
167,Senegal,0.512,67.94,3.183085,3309.385734,0.348,21.2,46.36412,25.89114,31,13.04,40.3,0.533,315,41.81818182,42.667,30.046,56.45,6.604,22.84003,59.954,0.4532506945220736,78.8,0.267518152,5.2,20.3,46,104.451
168,Afghanistan,0.511,64.83,3.93,2229.362021,NaN,28.3,45.4,NaN,NaN,NaN,NaN,0.655,638,27.24358974,43.456,42.839,38.999,11.118,21.39,66.288,0.3878653217582694,82.7,6.655561152,2.1,10.6,13.5,59.1208
169,Haiti,0.51,64.0,5.592369636,1708.809043,0.303,32.2,37.3,50.43867,31.2,NaN,41.1,0.636,480,2.739726027,57.926,28.659,64.654,13.781,35.50205,40.13,NaN,79.9,6.67974266,6.4,18.3,32.4736,57.5289
170,Sudan,0.51,65.31,3.77,3828.660219,0.333,27.4,42.5,33,27.8,11.16,34.2,0.545,295,27.53623188,40.43,39.939,43.842,16.535,18.11,21.502,NaN,51.5,NaN,4.6,14.5,30.8703,72.0079
171,Gambia,0.496,62.05,3.922,2167.883472,0.335,28.5,47.65805,17.46726,28.7,13.420001,35.9,0.612,597,10.34482759,54.021,27.121,57.194,9.056,16.9,31.629,0.4689393131083212,55.4,NaN,7.3,12.8,19.8365,139.529
172,Ethiopia,0.485,66.6,2.883189,2206.534378,0.348,24.9,43.5,13.3515,28.5,14.26,35,0.517,401,37.28571429,77.895,66.129,23.679,2.081,48.56393,63.015,0.1594004471846822,115.9,NaN,4.7,18.7,18.6181,36.2007
173,Malawi,0.483,64.26,4.73,1034.677638,0.345,25.1,28.4,32.4,38.1,31.07,44.7,0.565,349,22.91666667,72.381,43.649,42.545,5.653,19.38,86.898,0.18501669067241183,76.8,NaN,3.2,13.7,13.7822,39.0058
174,Congo (Democratic Republic of the),0.48,60.68,6.76008,1062.543004,0.335,36.1,26.76947,27.63249,32,18.13,42.1,0.617,473,11.98686371,60.774,65.431,24.821,4.236,26.74,86.533,0.901890403302546,27,NaN,4.9,15,8.6199,43.3822
175,Guinea-Bissau,0.48,58.32,3.5626,1996.042927,0.3,32.3,41.9,37.9,42,19.320001,50.7,NaN,667,13.7254902,70.19,68.138,24.859,2.466,36.2031,78.913,NaN,32.6,1.148704753,6.1,8.9,3.93051,78.9889
176,Liberia,0.48,64.1,4.806,1258.410853,0.325,29.8,42.9,22.7,27.1,12.03,35.3,0.65,661,11.65048544,74.167,43.273,46.51,2.814,14,69.405,0.7569150243634417,50.3,NaN,13,13.8,7.98448,56.569
177,Guinea,0.477,61.6,2.774225,2405.181497,0.313,31.3,50.12411,17.83777,26.4,12.35,33.7,NaN,576,22.80701754,58.89,61.742,32.102,4.296,24.18837,63.533,NaN,26.5,NaN,8.4,12.7,18,96.115
178,Yemen,0.47,66.13,3.2,1593.704031,0.321,24.7,46.1,21.8,29.4,15.700001,36.7,0.795,164,0.970873786,33.094,28.976,60.976,12.91,NaN,85.079,1.5295193643844025,54.2,6.772149422,6.2,13.4,26.7184,55.175
179,Eritrea,0.459,66.32,3.9,2793.482718,NaN,21.4,NaN,NaN,NaN,14.26,NaN,NaN,480,22,74.355,61.213,30.339,5.144,NaN,75.119,NaN,NaN,NaN,6.1,22.4,1.30891,20.364
180,Mozambique,0.456,60.85,3.540898438,1250.405688,0.316,29.8,33.8,28.4,45.5,30.919999,54,0.523,289,41.2,75.566,70.335,21.215,3.241,NaN,73.841,0.8806563991010652,63.5,NaN,4.1,14,10,47.7158
181,Burkina Faso,0.452,61.58,1.644298557,2132.95557,0.316,32,39.2,17.3,29.6,14.300001,35.3,0.594,320,13.38582677,62.268,25.225,41.073,6.264,42.00244,69.075,1.2859772121823025,41.1,1.25044052,9.1,22.4,16,97.9123
182,Sierra Leone,0.452,54.7,3.7,1667.844447,0.291,39,46.9,17.73822,29.4,10.51,35.7,0.644,1120,12.32876712,55.333,54.931,38.612,4.428,25.2,75.163,2.9623976038396305,59.1,1.728967838,14.2,18.2,9,88.4699
183,Mali,0.434,59.31,2.352954412,2268.77278,0.289,36.7,43.85965,16.56372,25.7,9.5299996,33,0.671,562,9.523809524,65.697,62.591,29.83,7.224,13.2,76.148,2.0385913251094308,30.8,NaN,4.7,13.5,13,115.085
184,Burundi,0.433,61.58,3.287982742,753.9087475,0.303,28.5,39.5,20.9,31,14.55,38.6,0.504,548,38.75,78.024,92.023,6.512,1.427,30.92166,89.362,5.2048591938155715,98.3,6.054537366,7.7,23.1,2.66075,56.5347
185,South Sudan,0.433,57.85,4.8,2003.318894,0.276,36.2,39.6,32.3,33.2,14.129999,46.3,NaN,1150,26.55889145,63.523,56.875,29.235,12.244,NaN,NaN,NaN,60.7,NaN,4.1,8.3,7.97743,33.463
186,Chad,0.398,54.24,2.52368,1555.373575,0.248,40.9,43,28.4,32.4,15.59,43.3,0.71,1140,14.88095238,69.362,76.556,21.344,1.891,38.95,61.738,NaN,56.2,NaN,13.8,17.1,6.5,45.1237
187,Central African Republic,0.397,53.28,4.282,993.0088419,0.232,40.1,34.5,49.2,46.2,30.860001,56.2,0.68,829,8.571428571,69.307,77.323,17.273,3.68,30.45911,82.457,NaN,17,20.12040065,6,18,4.33925,27.6743
188,Niger,0.394,62.42,2.079048967,1200.898463,0.284,30.9,35,16.4,27,11.41,34.3,0.642,509,16.95906433,71.7,75.063,17.743,0.475,34.39538,73.823,1.5539007126140827,42.6,NaN,6.7,11.5,5.25049,40.6385
